{
 "based_on": "",
 "chart_name": "Grievance Type",
 "chart_type": "Group By",
 "creation": "2022-08-21 13:02:06.880100",
 "docstatus": 0,
 "doctype": "Dashboard Chart",
 "document_type": "Employee Grievance",
 "dynamic_filters_json": "[[\"Employee\",\"company\",\"=\",\"frappe.defaults.get_user_default(\\\"Company\\\")\"]]",
 "filters_json": "[[\"Employee Grievance\",\"docstatus\",\"=\",\"1\",false]]",
 "group_by_based_on": "grievance_type",
 "group_by_type": "Count",
 "idx": 0,
 "is_public": 1,
 "is_standard": 1,
 "last_synced_on": "2022-08-21 13:08:57.019388",
 "modified": "2022-08-21 13:40:40.415600",
 "modified_by": "Administrator",
 "module": "HR",
 "name": "Grievance Type",
 "number_of_groups": 0,
 "owner": "Administrator",
 "parent_document_type": "",
 "roles": [],
 "source": "",
 "time_interval": "Yearly",
 "timeseries": 0,
 "timespan": "Last Year",
 "type": "Pie",
 "use_report_chart": 0,
 "value_based_on": "",
 "y_axis": []
}