{
 "actions": [],
 "autoname": "HR-PMS-D-.YY.-.MM.-.######",
 "creation": "2023-10-06 13:40:44.611027",
 "doctype": "DocType",
 "editable_grid": 1,
 "engine": "InnoDB",
 "field_order": [
  "area",
  "kra",
  "targets_section",
  "kpi_title",
  "kpi_description",
  "date",
  "attachment_image",
  "attachment",
  "half_yearly_review_section",
  "half_yearly_report",
  "half_yearly_review",
  "annual_review_section",
  "annual_report",
  "annual_review"
 ],
 "fields": [
  {
   "fieldname": "area",
   "fieldtype": "Data",
   "in_list_view": 1,
   "label": "Area",
   "read_only": 1,
   "reqd": 1
  },
  {
   "fieldname": "kra",
   "fieldtype": "Data",
   "label": "Key Result Areas",
   "reqd": 1
  },
  {
   "fieldname": "targets_section",
   "fieldtype": "Section Break",
   "label": "Targets"
  },
  {
   "fieldname": "kpi_title",
   "fieldtype": "Data",
   "label": "Key Performance Index Title",
   "reqd": 1
  },
  {
   "fieldname": "kpi_description",
   "fieldtype": "Text",
   "label": "Key Performance Index Description",
   "reqd": 1
  },
  {
   "fieldname": "date",
   "fieldtype": "Date",
   "label": "Date of Completion",
   "reqd": 1
  },
  {
   "fieldname": "half_yearly_review_section",
   "fieldtype": "Section Break",
   "label": "Half Yearly Review"
  },
  {
   "fieldname": "half_yearly_report",
   "fieldtype": "Text",
   "label": "Appraisee's Report "
  },
  {
   "fieldname": "half_yearly_review",
   "fieldtype": "Text",
   "label": "Appraiser's Review"
  },
  {
   "fieldname": "annual_review_section",
   "fieldtype": "Section Break",
   "label": "Annual Review"
  },
  {
   "fieldname": "annual_report",
   "fieldtype": "Text",
   "label": "Appraisee's Report "
  },
  {
   "fieldname": "annual_review",
   "fieldtype": "Text",
   "label": "Appraiser's Review"
  },
  {
   "fieldname": "attachment_image",
   "fieldtype": "Attach Image",
   "label": "Attachment Image"
  },
  {
   "fieldname": "attachment",
   "fieldtype": "Image",
   "label": "Attachment",
   "options": "attachment_image"
  }
 ],
 "index_web_pages_for_search": 1,
 "istable": 1,
 "links": [],
 "modified": "2023-12-18 12:06:32.392382",
 "modified_by": "Administrator",
 "module": "HR",
 "name": "PMS Details",
 "naming_rule": "Expression (old style)",
 "owner": "Administrator",
 "permissions": [],
 "sort_field": "modified",
 "sort_order": "DESC",
 "states": []
}