{
 "actions": [],
 "creation": "2021-04-12 13:05:06.741330",
 "doctype": "DocType",
 "editable_grid": 1,
 "engine": "InnoDB",
 "field_order": [
  "skill",
  "description"
 ],
 "fields": [
  {
   "fieldname": "skill",
   "fieldtype": "Link",
   "in_list_view": 1,
   "label": "Skill",
   "options": "Skill",
   "reqd": 1
  },
  {
   "fetch_from": "skill.description",
   "fieldname": "description",
   "fieldtype": "Small Text",
   "in_list_view": 1,
   "label": "Description"
  }
 ],
 "index_web_pages_for_search": 1,
 "istable": 1,
 "links": [],
 "modified": "2021-04-12 14:26:33.062549",
 "modified_by": "Administrator",
 "module": "HR",
 "name": "Expected Skill Set",
 "owner": "Administrator",
 "permissions": [],
 "sort_field": "modified",
 "sort_order": "DESC",
 "track_changes": 1
}