{
 "chart_name": "Attendance Count",
 "chart_type": "Report",
 "creation": "2020-07-22 11:56:32.730068",
 "custom_options": "{\n\t\t\n\t\t\"axisOptions\": {\n\t\t\t\"shortenYAxisNumbers\": 1\n\t\t},\n\t\t\"colors\": [\"red\", \"green\", \"blue\", \"yellow\",\"orange\",\"purple\",\"wheat\"],\n\t\t\"tooltipOptions\": {}\n}",
 "docstatus": 0,
 "doctype": "Dashboard Chart",
 "dynamic_filters_json": "{\"month\":\"frappe.datetime.str_to_obj(frappe.datetime.get_today()).getMonth() + 1\",\"year\":\"frappe.datetime.str_to_obj(frappe.datetime.get_today()).getFullYear();\",\"company\":\"frappe.defaults.get_user_default(\\\"Company\\\")\"}",
 "filters_json": "{\"summarized_view\":0}",
 "group_by_type": "Count",
 "idx": 0,
 "is_public": 1,
 "is_standard": 1,
 "modified": "2023-09-26 10:04:08.704996",
 "modified_by": "Administrator",
 "module": "HR",
 "name": "Attendance Count",
 "number_of_groups": 0,
 "owner": "Administrator",
 "report_name": "Monthly Attendance Sheet",
 "roles": [],
 "time_interval": "Yearly",
 "timeseries": 0,
 "timespan": "Last Year",
 "type": "Bar",
 "use_report_chart": 1,
 "y_axis": []
}