{
 "actions": [],
 "creation": "2019-12-26 12:22:16.575767",
 "doctype": "DocType",
 "editable_grid": 1,
 "engine": "InnoDB",
 "field_order": [
  "title",
  "description"
 ],
 "fields": [
  {
   "fieldname": "title",
   "fieldtype": "Data",
   "in_list_view": 1,
   "label": "Title",
   "reqd": 1
  },
  {
   "fieldname": "description",
   "fieldtype": "Long Text",
   "in_list_view": 1,
   "label": "Description",
   "reqd": 1
  }
 ],
 "istable": 1,
 "links": [],
 "modified": "2019-12-26 12:24:09.824084",
 "modified_by": "Administrator",
 "module": "HR",
 "name": "Appointment Letter content",
 "owner": "Administrator",
 "permissions": [],
 "quick_entry": 1,
 "sort_field": "modified",
 "sort_order": "DESC",
 "track_changes": 1
}