{
 "actions": [],
 "creation": "2021-06-28 13:36:58.658985",
 "doctype": "DocType",
 "editable_grid": 1,
 "engine": "InnoDB",
 "field_order": [
  "reference",
  "asset_name",
  "date",
  "status",
  "description"
 ],
 "fields": [
  {
   "fieldname": "reference",
   "fieldtype": "Link",
   "in_list_view": 1,
   "label": "Reference",
   "options": "Asset Movement",
   "read_only": 1,
   "reqd": 1
  },
  {
   "fieldname": "status",
   "fieldtype": "Select",
   "in_list_view": 1,
   "label": "Status",
   "options": "Owned\nReturned",
   "reqd": 1
  },
  {
   "fieldname": "description",
   "fieldtype": "Small Text",
   "label": "Description"
  },
  {
   "fieldname": "asset_name",
   "fieldtype": "Data",
   "in_list_view": 1,
   "label": "Asset Name",
   "read_only": 1
  },
  {
   "fieldname": "date",
   "fieldtype": "Datetime",
   "in_list_view": 1,
   "label": "Date",
   "read_only": 1
  }
 ],
 "index_web_pages_for_search": 1,
 "istable": 1,
 "links": [],
 "modified": "2021-07-15 15:17:31.309834",
 "modified_by": "Administrator",
 "module": "HR",
 "name": "Full and Final Asset",
 "owner": "Administrator",
 "permissions": [],
 "sort_field": "modified",
 "sort_order": "DESC",
 "track_changes": 1
}