{
 "_comments": "[]",
 "actions": [],
 "autoname": "hash",
 "creation": "2022-08-26 09:38:43.014018",
 "doctype": "DocType",
 "editable_grid": 1,
 "engine": "InnoDB",
 "field_order": [
  "kra",
  "per_weightage",
  "column_break_3",
  "goal_completion",
  "goal_score"
 ],
 "fields": [
  {
   "columns": 2,
   "description": "Key Performance Area",
   "fieldname": "kra",
   "fieldtype": "Link",
   "in_list_view": 1,
   "label": "KRA",
   "oldfieldname": "kra",
   "oldfieldtype": "Small Text",
   "options": "KRA",
   "print_width": "200px",
   "reqd": 1,
   "width": "200px"
  },
  {
   "fieldname": "per_weightage",
   "fieldtype": "Percent",
   "in_list_view": 1,
   "label": "Weightage (%)",
   "oldfieldname": "per_weightage",
   "oldfieldtype": "Currency",
   "print_width": "100px",
   "reqd": 1,
   "width": "100px"
  },
  {
   "fieldname": "column_break_3",
   "fieldtype": "Column Break"
  },
  {
   "fieldname": "goal_completion",
   "fieldtype": "Percent",
   "in_list_view": 1,
   "label": "Goal Completion (%)",
   "precision": "2",
   "read_only": 1
  },
  {
   "fieldname": "goal_score",
   "fieldtype": "Float",
   "in_list_view": 1,
   "label": "Goal Score (weighted)",
   "precision": "2",
   "read_only": 1
  }
 ],
 "istable": 1,
 "links": [],
 "modified": "2023-03-27 12:21:24.929426",
 "modified_by": "Administrator",
 "module": "HR",
 "name": "Appraisal KRA",
 "naming_rule": "Random",
 "owner": "Administrator",
 "permissions": [],
 "sort_field": "modified",
 "sort_order": "DESC",
 "states": []
}