{
 "chart_name": "Leave Balance Summary",
 "chart_type": "Report",
 "creation": "2023-09-26 11:54:47.931377",
 "custom_options": "",
 "docstatus": 0,
 "doctype": "Dashboard Chart",
 "dynamic_filters_json": "{}",
 "filters_json": "{\"company\":\"Glovis India Anantapur Pvt Ltd\",\"employee_status\":\"Active\",\"date\":\"2023-09-26\"}",
 "group_by_type": "Count",
 "idx": 0,
 "is_public": 1,
 "is_standard": 1,
 "modified": "2023-09-26 12:33:58.576511",
 "modified_by": "Administrator",
 "module": "HR",
 "name": "Leave Balance Summary",
 "number_of_groups": 0,
 "owner": "Administrator",
 "report_name": "Employee Leave Balance Summary",
 "roles": [],
 "time_interval": "Yearly",
 "timeseries": 0,
 "timespan": "Last Year",
 "type": "Bar",
 "use_report_chart": 0,
 "x_field": "employee",
 "y_axis": [
  {
   "color": "#449CF0",
   "y_field": "casual_leave"
  },
  {
   "color": "#ECAD4B",
   "y_field": "sick_leave"
  },
  {
   "color": "#29CD42",
   "y_field": "compensatory_off"
  },
  {
   "color": "#761ACB",
   "y_field": "privilege_leave"
  },
  {
   "color": "#CB2929",
   "y_field": "maternity_leave"
  }
 ]
}